name,shape,nbits,ours_bit_density,bonsai_bit_density,ours_zero_scale_frac,bonsai_zero_scale_frac,ours_scale_mean,ours_scale_std,bonsai_scale_mean,bonsai_scale_std,ours_all0_group_frac,ours_all1_group_frac,bonsai_all0_group_frac,bonsai_all1_group_frac,fp16_weight_std,ours_deq_std,bonsai_deq_std,ours_rel_l2,bonsai_rel_l2,ours_cos_fp16,bonsai_cos_fp16
model.embed_tokens,151936x2048,311164928,0.5020662546157837,0.49851274490356445,0.0,0.0,0.17668764293193817,0.03400741517543793,0.054380763322114944,0.009902401827275753,0.0,0.0,0.0,0.0,0.03449771925806999,0.08806732296943665,0.02763737551867962,1.8818215131759644,0.5993607044219971,0.7786834239959717,0.8004792928695679
model.layers.0.mlp.down_proj,2048x6144,12582912,0.5001411437988281,0.5000421404838562,0.0,0.0,0.1774061918258667,0.0321943424642086,0.08728291094303131,0.013726084493100643,0.0,0.0,0.0,0.0,0.033225513994693756,0.08740152418613434,0.04417779669165611,1.9789992570877075,1.1038978099822998,0.7609387636184692,0.582618236541748
model.layers.0.mlp.gate_proj,6144x2048,12582912,0.49873417615890503,0.5021885633468628,0.0,0.0,0.20280560851097107,0.04559086635708809,0.1186470240354538,0.01386396586894989,0.0,0.0,0.0,0.0,0.038544826209545135,0.10067004710435867,0.05972657725214958,1.9604592323303223,1.3802396059036255,0.7615103125572205,0.4827188551425934
model.layers.0.mlp.up_proj,6144x2048,12582912,0.5004377365112305,0.5001129508018494,0.0,0.0,0.16694208979606628,0.02341146022081375,0.11327799409627914,0.011740904301404953,0.0,0.0,0.0,0.0,0.031430114060640335,0.08204410970211029,0.0569424033164978,1.9546865224838257,1.6096903085708618,0.7648768424987793,0.46674251556396484
model.layers.0.self_attn.k_proj,1024x2048,2097152,0.500551700592041,0.5004510879516602,0.0,0.0,0.1858077049255371,0.0522313266992569,0.07762467861175537,0.024084290489554405,0.0,0.0,0.0,0.0,0.03577142581343651,0.09362863749265671,0.0406375452876091,1.9623852968215942,1.0689549446105957,0.7640979886054993,0.5052263140678406
model.layers.0.self_attn.o_proj,2048x2048,4194304,0.5011649131774902,0.4999856948852539,0.0,0.0,0.16316670179367065,0.05010935291647911,0.09046278893947601,0.03297344595193863,0.0,0.0,0.0,0.0,0.0323738269507885,0.08336996287107468,0.04814240708947182,1.9114981889724731,1.1760668754577637,0.7723557949066162,0.6147180795669556
model.layers.0.self_attn.q_proj,2048x2048,4194304,0.4999403953552246,0.49977564811706543,0.0,0.0,0.1862889677286148,0.0562129020690918,0.07597970217466354,0.02085905894637108,0.0,0.0,0.0,0.0,0.035170070827007294,0.09323761612176895,0.03939547389745712,2.0136959552764893,1.0717599391937256,0.7493439316749573,0.49370938539505005
model.layers.0.self_attn.v_proj,1024x2048,2097152,0.49869585037231445,0.5006227493286133,0.0,0.0,0.17872217297554016,0.02640422061085701,0.15916255116462708,0.019656572490930557,0.0,0.0,0.0,0.0,0.03354767709970474,0.08792953938245773,0.08018581569194794,1.9644321203231812,1.9189867973327637,0.7651217579841614,0.6339560151100159
model.layers.1.mlp.down_proj,2048x6144,12582912,0.5008181929588318,0.49996671080589294,0.0,0.0,0.16508795320987701,0.034759484231472015,0.07527022063732147,0.011335857212543488,0.0,0.0,0.0,0.0,0.029079684987664223,0.08021832257509232,0.03805951774120331,2.1496474742889404,1.1326504945755005,0.7229707837104797,0.5463255047798157
model.layers.1.mlp.gate_proj,6144x2048,12582912,0.5043584108352661,0.5011336207389832,0.0,0.0,0.23223690688610077,0.05539382994174957,0.11889123916625977,0.038328781723976135,0.0,0.0,0.0,0.0,0.04482397437095642,0.11578379571437836,0.06245831027626991,1.9237446784973145,1.2100114822387695,0.7687947750091553,0.5301634669303894
model.layers.1.mlp.up_proj,6144x2048,12582912,0.5006963014602661,0.49999064207077026,0.0,0.0,0.14611828327178955,0.0478745736181736,0.09919032454490662,0.018860533833503723,0.0,0.0,0.0,0.0,0.02854958362877369,0.07449404895305634,0.050483763217926025,1.9565892219543457,1.6119168996810913,0.7626878619194031,0.4322132468223572
model.layers.1.self_attn.k_proj,1024x2048,2097152,0.5019416809082031,0.5002655982971191,0.0,0.0,0.17545127868652344,0.05807178094983101,0.07753454148769379,0.016846057027578354,0.0,0.0,0.0,0.0,0.03374316915869713,0.08903614431619644,0.03967176005244255,1.9947038888931274,1.0826841592788696,0.75486820936203,0.5146134495735168
model.layers.1.self_attn.o_proj,2048x2048,4194304,0.49993157386779785,0.4996304512023926,0.0,0.0,0.16838222742080688,0.03904915601015091,0.09781873226165771,0.020577523857355118,0.0,0.0,0.0,0.0,0.03247225657105446,0.08442661166191101,0.04997982829809189,1.9368587732315063,1.270959734916687,0.7708514928817749,0.5696819424629211
model.layers.1.self_attn.q_proj,2048x2048,4194304,0.5000989437103271,0.49957704544067383,0.0,0.0,0.1777123659849167,0.059386350214481354,0.07450889050960541,0.017298592254519463,0.0,0.0,0.0,0.0,0.03450294956564903,0.09058383107185364,0.0382453016936779,1.9755619764328003,1.0400041341781616,0.7598572373390198,0.5174209475517273
model.layers.1.self_attn.v_proj,1024x2048,2097152,0.5013065338134766,0.5003442764282227,0.0,0.0,0.183563232421875,0.027938926592469215,0.123541921377182,0.013452510349452496,0.0,0.0,0.0,0.0,0.0345408096909523,0.09037303179502487,0.062136076390743256,1.9609524011611938,1.4712071418762207,0.7644633650779724,0.5758048892021179
model.layers.2.mlp.down_proj,2048x6144,12582912,0.5002318620681763,0.49984773993492126,0.0,0.0,0.16609753668308258,0.030226463451981544,0.08697716891765594,0.011417020112276077,0.0,0.0,0.0,0.0,0.03053058497607708,0.0809209942817688,0.043861642479896545,2.010348320007324,1.1980661153793335,0.7514827251434326,0.5668025612831116
model.layers.2.mlp.gate_proj,6144x2048,12582912,0.501548707485199,0.5000478029251099,0.0,0.0,0.2396862953901291,0.04857105389237404,0.13161048293113708,0.018206296488642693,0.0,0.0,0.0,0.0,0.04631805792450905,0.11929553002119064,0.06643189489841461,1.9109649658203125,1.2450546026229858,0.7729952335357666,0.5253340005874634
model.layers.2.mlp.up_proj,6144x2048,12582912,0.5006183981895447,0.5000014305114746,0.0,0.0,0.155276820063591,0.026939351111650467,0.11467628180980682,0.011343687772750854,0.0,0.0,0.0,0.0,0.02953352965414524,0.07669799774885178,0.05761798471212387,1.9385355710983276,1.7518080472946167,0.7675048112869263,0.44525185227394104
model.layers.2.self_attn.k_proj,1024x2048,2097152,0.4997439384460449,0.4996967315673828,0.0,0.0,0.17271395027637482,0.05676873400807381,0.08558148145675659,0.01971069537103176,0.0,0.0,0.0,0.0,0.03344212472438812,0.08820390701293945,0.043910980224609375,1.9855202436447144,1.1509130001068115,0.7609761953353882,0.532915472984314
model.layers.2.self_attn.o_proj,2048x2048,4194304,0.4992680549621582,0.4998490810394287,0.0,0.0,0.16095447540283203,0.04353553429245949,0.10032418370246887,0.025894705206155777,0.0,0.0,0.0,0.0,0.0315840020775795,0.08153112232685089,0.051806073635816574,1.9150420427322388,1.3318450450897217,0.7740496397018433,0.584251344203949
model.layers.2.self_attn.q_proj,2048x2048,4194304,0.49968671798706055,0.500363826751709,0.0,0.0,0.1791534721851349,0.05839598923921585,0.07989524304866791,0.017968052998185158,0.0,0.0,0.0,0.0,0.034284189343452454,0.09068117290735245,0.0409453809261322,2.001950979232788,1.073907494544983,0.7539060115814209,0.5329762101173401
model.layers.2.self_attn.v_proj,1024x2048,2097152,0.5005779266357422,0.500617504119873,0.0,0.0,0.18151257932186127,0.03722940757870674,0.1295490860939026,0.019352437928318977,0.0,0.0,0.0,0.0,0.034497037529945374,0.09043340384960175,0.06549323350191116,1.9635472297668457,1.5311514139175415,0.7661058306694031,0.5951876044273376
model.layers.3.mlp.down_proj,2048x6144,12582912,0.500208854675293,0.5001055002212524,0.0,0.0,0.16351386904716492,0.024276459589600563,0.08893990516662598,0.011078841984272003,0.0,0.0,0.0,0.0,0.030413499101996422,0.08025362342596054,0.04481363296508789,1.9859791994094849,1.2349250316619873,0.7615141868591309,0.5585756897926331
model.layers.3.mlp.gate_proj,6144x2048,12582912,0.5011095404624939,0.5002225637435913,0.0,0.0,0.23761513829231262,0.04536066949367523,0.14178037643432617,0.019828515127301216,0.0,0.0,0.0,0.0,0.045775145292282104,0.11804306507110596,0.07158009707927704,1.9139868021011353,1.3315517902374268,0.7729799747467041,0.5346918106079102
model.layers.3.mlp.up_proj,6144x2048,12582912,0.5001840591430664,0.5000932216644287,0.0,0.0,0.15877950191497803,0.026697736233472824,0.12248912453651428,0.012430476024746895,0.0,0.0,0.0,0.0,0.03023459017276764,0.07851472496986389,0.06155912205576897,1.9358335733413696,1.803816318511963,0.7694286108016968,0.4645625650882721
model.layers.3.self_attn.k_proj,1024x2048,2097152,0.5005655288696289,0.4997701644897461,0.0,0.0,0.17738904058933258,0.07052316516637802,0.0857829749584198,0.02166817896068096,0.0,0.0,0.0,0.0,0.03412087261676788,0.09107392281293869,0.044238634407520294,2.039581537246704,1.1475309133529663,0.7426519989967346,0.5260805487632751
model.layers.3.self_attn.o_proj,2048x2048,4194304,0.5014529228210449,0.4999070167541504,0.0,0.0,0.17202451825141907,0.04052314534783363,0.09885022044181824,0.017365729436278343,0.0,0.0,0.0,0.0,0.03343665972352028,0.08640193194150925,0.050182003527879715,1.9179924726486206,1.2495568990707397,0.773711085319519,0.5633733868598938
model.layers.3.self_attn.q_proj,2048x2048,4194304,0.4994683265686035,0.4998810291290283,0.0,0.0,0.18088112771511078,0.05965326726436615,0.0803682953119278,0.01908966526389122,0.0,0.0,0.0,0.0,0.03474806621670723,0.09175726026296616,0.04130217432975769,1.9973843097686768,1.087799072265625,0.7542588710784912,0.5171998143196106
model.layers.3.self_attn.v_proj,1024x2048,2097152,0.5011410713195801,0.5001096725463867,0.0,0.0,0.19524961709976196,0.03641291335225105,0.12816694378852844,0.012526415288448334,0.0,0.0,0.0,0.0,0.03659115359187126,0.09637685865163803,0.06438881158828735,1.983873963356018,1.4204825162887573,0.759638249874115,0.5906497240066528
model.layers.4.mlp.down_proj,2048x6144,12582912,0.5006657838821411,0.49989837408065796,0.0,0.0,0.16458933055400848,0.026138318702578545,0.09282740205526352,0.011226489208638668,0.0,0.0,0.0,0.0,0.03044705279171467,0.08056022971868515,0.046751897782087326,1.9972482919692993,1.270035743713379,0.7581235766410828,0.5681530833244324
model.layers.4.mlp.gate_proj,6144x2048,12582912,0.501701831817627,0.50047367811203,0.0,0.0,0.23088125884532928,0.04546857997775078,0.14178907871246338,0.024001499637961388,0.0,0.0,0.0,0.0,0.044422078877687454,0.11464085429906845,0.0719030573964119,1.9177353382110596,1.374440312385559,0.7715707421302795,0.5346760749816895
model.layers.4.mlp.up_proj,6144x2048,12582912,0.500471293926239,0.49977907538414,0.0,0.0,0.16042906045913696,0.027267247438430786,0.12629739940166473,0.015251213684678078,0.0,0.0,0.0,0.0,0.030505074188113213,0.0793260782957077,0.06360744684934616,1.9402579069137573,1.8334221839904785,0.7686440944671631,0.4763188064098358
model.layers.4.self_attn.k_proj,1024x2048,2097152,0.4999237060546875,0.5002527236938477,0.0,0.0,0.17116445302963257,0.0645599439740181,0.08344237506389618,0.016972018405795097,0.0,0.0,0.0,0.0,0.03302406147122383,0.08792005479335785,0.04257545247673988,2.026395320892334,1.1687312126159668,0.7477708458900452,0.5026931762695312
model.layers.4.self_attn.o_proj,2048x2048,4194304,0.49945497512817383,0.49965882301330566,0.0,0.0,0.16809292137622833,0.04419434070587158,0.10476651042699814,0.02111046388745308,0.0,0.0,0.0,0.0,0.0327150784432888,0.08482977002859116,0.053436100482940674,1.929921269416809,1.3343660831451416,0.7711156010627747,0.5777574181556702
model.layers.4.self_attn.q_proj,2048x2048,4194304,0.5000197887420654,0.5002152919769287,0.0,0.0,0.17662742733955383,0.056399066001176834,0.07942979782819748,0.016565632075071335,0.0,0.0,0.0,0.0,0.03422509878873825,0.08964457362890244,0.04056942090392113,1.9704428911209106,1.1046154499053955,0.7593544721603394,0.49981337785720825
model.layers.4.self_attn.v_proj,1024x2048,2097152,0.5012111663818359,0.5000715255737305,0.0,0.0,0.19099509716033936,0.03509669750928879,0.13259407877922058,0.01657755859196186,0.0,0.0,0.0,0.0,0.036010466516017914,0.09464295208454132,0.06681318581104279,1.973612666130066,1.4768575429916382,0.7633217573165894,0.6093987226486206
model.layers.5.mlp.down_proj,2048x6144,12582912,0.49945521354675293,0.5000283122062683,0.0,0.0,0.17471978068351746,0.02905416116118431,0.09826284646987915,0.01223520003259182,0.0,0.0,0.0,0.0,0.03245857357978821,0.08535239100456238,0.04951082915067673,1.9818201065063477,1.266592264175415,0.7581210136413574,0.5646065473556519
model.layers.5.mlp.gate_proj,6144x2048,12582912,0.5002180337905884,0.5004141330718994,0.0,0.0,0.20643489062786102,0.0439298152923584,0.1356048882007599,0.017480824142694473,0.0,0.0,0.0,0.0,0.03951314091682434,0.10253491252660751,0.06836345046758652,1.9362850189208984,1.504266619682312,0.7677589058876038,0.5001270174980164
model.layers.5.mlp.up_proj,6144x2048,12582912,0.5002653002738953,0.5000476241111755,0.0,0.0,0.1731114685535431,0.026711737737059593,0.1427847146987915,0.01543253194540739,0.0,0.0,0.0,0.0,0.032712895423173904,0.0851735845208168,0.07180813699960709,1.945637822151184,1.9071846008300781,0.7669159173965454,0.4968150854110718
model.layers.5.self_attn.k_proj,1024x2048,2097152,0.4998645782470703,0.5004062652587891,0.0,0.0,0.17232085764408112,0.048979006707668304,0.08328187465667725,0.016865216195583344,0.0,0.0,0.0,0.0,0.033499378710985184,0.08715561777353287,0.04248619079589844,1.9427564144134521,1.1449841260910034,0.7676852345466614,0.5115305185317993
model.layers.5.self_attn.o_proj,2048x2048,4194304,0.5005149841308594,0.5002040863037109,0.0,0.0,0.16515308618545532,0.04907704144716263,0.10513734817504883,0.04450250789523125,0.0,0.0,0.0,0.0,0.03288612142205238,0.08433444052934647,0.05708400160074234,1.895776629447937,1.4082852602005005,0.7764627933502197,0.5846737623214722
model.layers.5.self_attn.q_proj,2048x2048,4194304,0.5007154941558838,0.49989938735961914,0.0,0.0,0.18385794758796692,0.054431743919849396,0.0806252509355545,0.018045887351036072,0.0,0.0,0.0,0.0,0.03532988950610161,0.09275848418474197,0.041310060769319534,1.9763613939285278,1.0901174545288086,0.7593302726745605,0.5040887594223022
model.layers.5.self_attn.v_proj,1024x2048,2097152,0.4997711181640625,0.5002303123474121,0.0,0.0,0.19392240047454834,0.03771215304732323,0.13769420981407166,0.017114194110035896,0.0,0.0,0.0,0.0,0.03481199964880943,0.09460049867630005,0.06937684863805771,2.0947933197021484,1.6269145011901855,0.73533034324646,0.5832709670066833
model.layers.6.mlp.down_proj,2048x6144,12582912,0.499370276927948,0.4997731149196625,0.0,0.0,0.17454028129577637,0.030812092125415802,0.09988739341497421,0.011088676750659943,0.0,0.0,0.0,0.0,0.03205001726746559,0.08516767621040344,0.05025048926472664,2.0158791542053223,1.304210901260376,0.7521955370903015,0.5603989958763123
model.layers.6.mlp.gate_proj,6144x2048,12582912,0.49997028708457947,0.499253511428833,0.0,0.0,0.2033192366361618,0.047259531915187836,0.1378716081380844,0.020285742357373238,0.0,0.0,0.0,0.0,0.03895799443125725,0.10136933624744415,0.0696779116988182,1.9453879594802856,1.5481128692626953,0.7659341096878052,0.5038246512413025
model.layers.6.mlp.up_proj,6144x2048,12582912,0.5003640651702881,0.4997483193874359,0.0,0.0,0.17387926578521729,0.027501244097948074,0.14945289492607117,0.01928720809519291,0.0,0.0,0.0,0.0,0.0328628346323967,0.0857401117682457,0.07534613460302353,1.9504088163375854,1.9894453287124634,0.7671324014663696,0.5013184547424316
model.layers.6.self_attn.k_proj,1024x2048,2097152,0.49939870834350586,0.5001535415649414,0.0,0.0,0.1661478579044342,0.076929971575737,0.08390486240386963,0.025526724755764008,0.0,0.0,0.0,0.0,0.03276950865983963,0.08775956928730011,0.04385099187493324,2.0447068214416504,1.1651192903518677,0.7451801300048828,0.5355018973350525
model.layers.6.self_attn.o_proj,2048x2048,4194304,0.49922800064086914,0.4999561309814453,0.0,0.0,0.1611386239528656,0.0450267568230629,0.10967443138360977,0.024260535836219788,0.0,0.0,0.0,0.0,0.03165483474731445,0.08182775974273682,0.05616283416748047,1.9189121723175049,1.4476981163024902,0.7736950516700745,0.5782938599586487
model.layers.6.self_attn.q_proj,2048x2048,4194304,0.49920654296875,0.5003035068511963,0.0,0.0,0.17438490688800812,0.0709952712059021,0.07999882102012634,0.021907713264226913,0.0,0.0,0.0,0.0,0.034494780004024506,0.09109887480735779,0.04147215187549591,1.9927763938903809,1.0785428285598755,0.7579562067985535,0.5332425832748413
model.layers.6.self_attn.v_proj,1024x2048,2097152,0.4978756904602051,0.4999704360961914,0.0,0.0,0.18864093720912933,0.03661081939935684,0.1457756757736206,0.01948178932070732,0.0,0.0,0.0,0.0,0.0356011837720871,0.09371334314346313,0.07353585958480835,1.9795247316360474,1.64263117313385,0.7617950439453125,0.6216855049133301
model.layers.7.mlp.down_proj,2048x6144,12582912,0.5006057620048523,0.49990934133529663,0.0,0.0,0.17025069892406464,0.029970671981573105,0.10186116397380829,0.011430244892835617,0.0,0.0,0.0,0.0,0.03153953701257706,0.08366235345602036,0.05125023424625397,2.004204750061035,1.350156307220459,0.7576577663421631,0.5592619180679321
model.layers.7.mlp.gate_proj,6144x2048,12582912,0.49934253096580505,0.4997348189353943,0.0,0.0,0.2067442387342453,0.04929037019610405,0.13933730125427246,0.021586064249277115,0.0,0.0,0.0,0.0,0.040164537727832794,0.10369414836168289,0.0704997107386589,1.917436122894287,1.5168566703796387,0.772502064704895,0.5070800185203552
model.layers.7.mlp.up_proj,6144x2048,12582912,0.5000110864639282,0.50008225440979,0.0,0.0,0.17073194682598114,0.029795968905091286,0.14687947928905487,0.01652096025645733,0.0,0.0,0.0,0.0,0.03241077810525894,0.0844709575176239,0.07390284538269043,1.9470573663711548,1.9901028871536255,0.767683207988739,0.4909173250198364
model.layers.7.self_attn.k_proj,1024x2048,2097152,0.4989776611328125,0.500605583190918,0.0,0.0,0.1624746024608612,0.04687153920531273,0.07612639665603638,0.013514322228729725,0.0,0.0,0.0,0.0,0.03153357282280922,0.08224456012248993,0.038658298552036285,1.950418472290039,1.1433415412902832,0.7665089964866638,0.4876670241355896
model.layers.7.self_attn.o_proj,2048x2048,4194304,0.5011091232299805,0.5001652240753174,0.0,0.0,0.16383099555969238,0.03998037800192833,0.10878211259841919,0.020449087023735046,0.0,0.0,0.0,0.0,0.03180268779397011,0.08238141238689423,0.05534372478723526,1.9256457090377808,1.4102892875671387,0.7724765539169312,0.585975706577301
model.layers.7.self_attn.q_proj,2048x2048,4194304,0.49973106384277344,0.49999570846557617,0.0,0.0,0.17351987957954407,0.051758795976638794,0.07507816702127457,0.014778075739741325,0.0,0.0,0.0,0.0,0.03341582790017128,0.0874377191066742,0.03825938701629639,1.9668904542922974,1.092287540435791,0.7601750493049622,0.48815053701400757
model.layers.7.self_attn.v_proj,1024x2048,2097152,0.5012359619140625,0.5001039505004883,0.0,0.0,0.18584707379341125,0.03065311163663864,0.13783890008926392,0.014053638093173504,0.0,0.0,0.0,0.0,0.03454826772212982,0.09142817556858063,0.06927673518657684,1.9990519285202026,1.602399230003357,0.757106363773346,0.611706554889679
model.layers.8.mlp.down_proj,2048x6144,12582912,0.5003692507743835,0.4999731481075287,0.0,0.0,0.1755916327238083,0.032884206622838974,0.10097362101078033,0.011606796644628048,0.0,0.0,0.0,0.0,0.03243882954120636,0.08628369867801666,0.05081925913691521,2.014554262161255,1.3089711666107178,0.7550286054611206,0.5556195974349976
model.layers.8.mlp.gate_proj,6144x2048,12582912,0.5004251003265381,0.4997151792049408,0.0,0.0,0.19829003512859344,0.04925797879695892,0.1394379585981369,0.020900258794426918,0.0,0.0,0.0,0.0,0.03834449499845505,0.09945604205131531,0.07049780339002609,1.9329862594604492,1.598069429397583,0.7693671584129333,0.4966962933540344
model.layers.8.mlp.up_proj,6144x2048,12582912,0.5001083612442017,0.500004768371582,0.0,0.0,0.17346495389938354,0.02911384403705597,0.15165409445762634,0.017222894355654716,0.0,0.0,0.0,0.0,0.032809846103191376,0.08566807210445404,0.07631445676088333,1.9528756141662598,2.0317277908325195,0.7667127251625061,0.4905887544155121
model.layers.8.self_attn.k_proj,1024x2048,2097152,0.49930381774902344,0.5004873275756836,0.0,0.0,0.1689465045928955,0.07319032400846481,0.08855792880058289,0.021014787256717682,0.0,0.0,0.0,0.0,0.03223375231027603,0.08672839403152466,0.045508574694395065,2.076702356338501,1.230493426322937,0.7297018766403198,0.5238414406776428
model.layers.8.self_attn.o_proj,2048x2048,4194304,0.4992647171020508,0.49974679946899414,0.0,0.0,0.1606953740119934,0.03811245784163475,0.10760096460580826,0.018011344596743584,0.0,0.0,0.0,0.0,0.03124289959669113,0.08080460876226425,0.054548993706703186,1.9197216033935547,1.44674551486969,0.7740294337272644,0.5599541068077087
model.layers.8.self_attn.q_proj,2048x2048,4194304,0.5018653869628906,0.5004332065582275,0.0,0.0,0.17651785910129547,0.0666990578174591,0.08180775493383408,0.01895066723227501,0.0,0.0,0.0,0.0,0.03423719108104706,0.09067848324775696,0.041986990720033646,2.0097312927246094,1.109113335609436,0.7505598068237305,0.5193503499031067
model.layers.8.self_attn.v_proj,1024x2048,2097152,0.5000848770141602,0.5003304481506348,0.0,0.0,0.1861201524734497,0.026368828490376472,0.13777631521224976,0.012062592431902885,0.0,0.0,0.0,0.0,0.03497625142335892,0.09176849573850632,0.06915166229009628,1.9668723344802856,1.6020938158035278,0.7652081847190857,0.5923398733139038
model.layers.9.mlp.down_proj,2048x6144,12582912,0.5004717111587524,0.4999133050441742,0.0,0.0,0.17737826704978943,0.03417230024933815,0.10395835340023041,0.013203982263803482,0.0,0.0,0.0,0.0,0.032640036195516586,0.08719328045845032,0.05239676311612129,2.0278749465942383,1.3346656560897827,0.7531530857086182,0.5592837929725647
model.layers.9.mlp.gate_proj,6144x2048,12582912,0.5006257891654968,0.500257670879364,0.0,0.0,0.1978536695241928,0.048663198947906494,0.13964888453483582,0.0218815915286541,0.0,0.0,0.0,0.0,0.038135603070259094,0.09913550317287445,0.07067638635635376,1.9404984712600708,1.614593267440796,0.7678521871566772,0.4931168854236603
model.layers.9.mlp.up_proj,6144x2048,12582912,0.5002902746200562,0.4998149275779724,0.0,0.0,0.1805427521467209,0.03138882294297218,0.1562892496585846,0.018642108887434006,0.0,0.0,0.0,0.0,0.034155137836933136,0.08919151872396469,0.07869856059551239,1.9536266326904297,2.0072989463806152,0.7663748860359192,0.4947288930416107
model.layers.9.self_attn.k_proj,1024x2048,2097152,0.5003185272216797,0.5003161430358887,0.0,0.0,0.16965587437152863,0.06670771539211273,0.08276829868555069,0.01648692414164543,0.0,0.0,0.0,0.0,0.0320558026432991,0.0867174044251442,0.04219718277454376,2.086080551147461,1.1999608278274536,0.7331036329269409,0.49109184741973877
model.layers.9.self_attn.o_proj,2048x2048,4194304,0.499309778213501,0.500298261642456,0.0,0.0,0.1629955768585205,0.05230293422937393,0.10949940979480743,0.040040526539087296,0.0,0.0,0.0,0.0,0.03227844461798668,0.08361858129501343,0.05829528346657753,1.928105354309082,1.4604496955871582,0.770747184753418,0.5893559455871582
model.layers.9.self_attn.q_proj,2048x2048,4194304,0.5012938976287842,0.5001938343048096,0.0,0.0,0.17919644713401794,0.06624764204025269,0.08035961538553238,0.022069858387112617,0.0,0.0,0.0,0.0,0.03471892327070236,0.09177082031965256,0.04166756942868233,2.0043585300445557,1.1054155826568604,0.7508452534675598,0.5076043009757996
model.layers.9.self_attn.v_proj,1024x2048,2097152,0.4998044967651367,0.4997520446777344,0.0,0.0,0.18486587703227997,0.038677047938108444,0.1396642029285431,0.016241149976849556,0.0,0.0,0.0,0.0,0.03425773233175278,0.09151536971330643,0.07030267268419266,2.030834913253784,1.659934401512146,0.7509185075759888,0.5983954071998596
model.layers.10.mlp.down_proj,2048x6144,12582912,0.500481367111206,0.5001263618469238,0.0,0.0,0.1801421344280243,0.039818450808525085,0.1037900447845459,0.016402263194322586,0.0,0.0,0.0,0.0,0.03236304223537445,0.08774357289075851,0.052539046853780746,2.083064317703247,1.362623929977417,0.7398132681846619,0.5478450059890747
model.layers.10.mlp.gate_proj,6144x2048,12582912,0.4999696612358093,0.4997963309288025,0.0,0.0,0.19693315029144287,0.0567275770008564,0.13971944153308868,0.02425309829413891,0.0,0.0,0.0,0.0,0.03768039867281914,0.09907182306051254,0.07090439647436142,1.9813156127929688,1.6404802799224854,0.7582780718803406,0.49149876832962036
model.layers.10.mlp.up_proj,6144x2048,12582912,0.5004696249961853,0.4999416768550873,0.0,0.0,0.18329495191574097,0.036763302981853485,0.15576964616775513,0.019536685198545456,0.0,0.0,0.0,0.0,0.03430742025375366,0.09039153158664703,0.07849501073360443,1.986798882484436,2.0007834434509277,0.7580502033233643,0.4877118766307831
model.layers.10.self_attn.k_proj,1024x2048,2097152,0.501255989074707,0.5004692077636719,0.0,0.0,0.16991347074508667,0.04679577052593231,0.08265121281147003,0.014702369458973408,0.0,0.0,0.0,0.0,0.03284996747970581,0.08573706448078156,0.041974328458309174,1.9516547918319702,1.1539111137390137,0.7668588161468506,0.509155809879303
model.layers.10.self_attn.o_proj,2048x2048,4194304,0.5003693103790283,0.4997262954711914,0.0,0.0,0.1612192690372467,0.04494059830904007,0.11364918947219849,0.026213400065898895,0.0,0.0,0.0,0.0,0.03150093927979469,0.08180475234985352,0.05831654369831085,1.9336621761322021,1.4956663846969604,0.7710803151130676,0.5915310382843018
model.layers.10.self_attn.q_proj,2048x2048,4194304,0.4992983341217041,0.4999532699584961,0.0,0.0,0.17700475454330444,0.052044689655303955,0.07875780016183853,0.016556281596422195,0.0,0.0,0.0,0.0,0.0341719351708889,0.08938257396221161,0.0402395986020565,1.9631427526474,1.1015498638153076,0.7622920870780945,0.4981653392314911
model.layers.10.self_attn.v_proj,1024x2048,2097152,0.5010738372802734,0.5000619888305664,0.0,0.0,0.18284152448177338,0.02822260372340679,0.14231657981872559,0.017799537628889084,0.0,0.0,0.0,0.0,0.034086622297763824,0.09010230004787445,0.0717126727104187,1.9913750886917114,1.697350025177002,0.7607147693634033,0.6048780679702759
model.layers.11.mlp.down_proj,2048x6144,12582912,0.5006023645401001,0.5001840591430664,0.0,0.0,0.18390971422195435,0.03418603911995888,0.10686182975769043,0.012645874172449112,0.0,0.0,0.0,0.0,0.033476848155260086,0.09026825428009033,0.053803734481334686,2.056148052215576,1.3425664901733398,0.7496998310089111,0.553942084312439
model.layers.11.mlp.gate_proj,6144x2048,12582912,0.5004348158836365,0.5006543397903442,0.0,0.0,0.18767258524894714,0.04763171821832657,0.1396295428276062,0.02319135144352913,0.0,0.0,0.0,0.0,0.03581160679459572,0.09388847649097443,0.07077112793922424,1.969224452972412,1.7312438488006592,0.7620244026184082,0.48279112577438354
model.layers.11.mlp.up_proj,6144x2048,12582912,0.5005686283111572,0.5002812147140503,0.0,0.0,0.18609213829040527,0.03425035998225212,0.16246658563613892,0.020174464210867882,0.0,0.0,0.0,0.0,0.03508824482560158,0.09202498197555542,0.08185718208551407,1.9672249555587769,2.032139539718628,0.7641903758049011,0.49569475650787354
model.layers.11.self_attn.k_proj,1024x2048,2097152,0.49831628799438477,0.5003805160522461,0.0,0.0,0.1726718544960022,0.06564491242170334,0.08854468911886215,0.025691041722893715,0.0,0.0,0.0,0.0,0.033062923699617386,0.08870766311883926,0.04609823226928711,2.0508627891540527,1.2235411405563354,0.7440259456634521,0.5188789963722229
model.layers.11.self_attn.o_proj,2048x2048,4194304,0.5007829666137695,0.49982237815856934,0.0,0.0,0.14769592881202698,0.059155113995075226,0.10264915227890015,0.057779714465141296,0.0,0.0,0.0,0.0,0.0299195796251297,0.07770811021327972,0.05889682099223137,1.9361014366149902,1.609065055847168,0.7694989442825317,0.5806231498718262
model.layers.11.self_attn.q_proj,2048x2048,4194304,0.4987504482269287,0.4999706745147705,0.0,0.0,0.18250292539596558,0.07527324557304382,0.08666779100894928,0.02748091332614422,0.0,0.0,0.0,0.0,0.0362195186316967,0.09558609127998352,0.04546016454696655,1.9949785470962524,1.10356867313385,0.7549594044685364,0.5407751798629761
model.layers.11.self_attn.v_proj,1024x2048,2097152,0.49908924102783203,0.4997234344482422,0.0,0.0,0.1779877245426178,0.03608027473092079,0.14260926842689514,0.019092662259936333,0.0,0.0,0.0,0.0,0.03241949528455734,0.08748500049114227,0.0719408169388771,2.069551467895508,1.809644103050232,0.7409665584564209,0.5969685912132263
model.layers.12.mlp.down_proj,2048x6144,12582912,0.5009961128234863,0.5001381635665894,0.0,0.0,0.18378643691539764,0.0351683646440506,0.10733827203512192,0.013515704311430454,0.0,0.0,0.0,0.0,0.033463019877672195,0.09031064063310623,0.054092925041913986,2.0586438179016113,1.3522282838821411,0.7495173215866089,0.5519791841506958
model.layers.12.mlp.gate_proj,6144x2048,12582912,0.5007128119468689,0.500771701335907,0.0,0.0,0.18193328380584717,0.04554149881005287,0.13985028862953186,0.023800302296876907,0.0,0.0,0.0,0.0,0.03483225777745247,0.09110706299543381,0.07093043625354767,1.960106611251831,1.7855989933013916,0.7645145654678345,0.4808456003665924
model.layers.12.mlp.up_proj,6144x2048,12582912,0.5000881552696228,0.5000626444816589,0.0,0.0,0.18561576306819916,0.0355018749833107,0.1654852330684662,0.019266370683908463,0.0,0.0,0.0,0.0,0.034952081739902496,0.09176988154649734,0.08330148458480835,1.972223162651062,2.077874183654785,0.7625073790550232,0.4956526458263397
model.layers.12.self_attn.k_proj,1024x2048,2097152,0.5022554397583008,0.5000133514404297,0.0,0.0,0.16774404048919678,0.057378314435482025,0.09031277894973755,0.02148963138461113,0.0,0.0,0.0,0.0,0.032203782349824905,0.08571407943964005,0.04641713574528694,2.0167319774627686,1.2353445291519165,0.75461745262146,0.5381845831871033
model.layers.12.self_attn.o_proj,2048x2048,4194304,0.4999673366546631,0.5000367164611816,0.0,0.0,0.1536954939365387,0.04010364040732384,0.11312434077262878,0.024075299501419067,0.0,0.0,0.0,0.0,0.029922254383563995,0.07766120880842209,0.05782892182469368,1.9313576221466064,1.5783134698867798,0.771765410900116,0.5805585384368896
model.layers.12.self_attn.q_proj,2048x2048,4194304,0.5008790493011475,0.49985623359680176,0.0,0.0,0.17726530134677887,0.06065317988395691,0.08467162400484085,0.021229734644293785,0.0,0.0,0.0,0.0,0.03469405323266983,0.0910094752907753,0.04364626482129097,1.9695031642913818,1.1096956729888916,0.762854814529419,0.5370379686355591
model.layers.12.self_attn.v_proj,1024x2048,2097152,0.5012154579162598,0.499971866607666,0.0,0.0,0.1798902302980423,0.027858588844537735,0.13668674230575562,0.01233580056577921,0.0,0.0,0.0,0.0,0.03333939239382744,0.08843287825584412,0.06862112879753113,2.0035505294799805,1.664130687713623,0.7580706477165222,0.5993167757987976
model.layers.13.mlp.down_proj,2048x6144,12582912,0.500463604927063,0.5000773668289185,0.0,0.0,0.17979690432548523,0.035576824098825455,0.10632988065481186,0.014863383956253529,0.0,0.0,0.0,0.0,0.03263884037733078,0.08831222355365753,0.05368184670805931,2.067683696746826,1.383072853088379,0.7476191520690918,0.5448403358459473
model.layers.13.mlp.gate_proj,6144x2048,12582912,0.5003516674041748,0.4999570846557617,0.0,0.0,0.17693917453289032,0.04775873199105263,0.14245671033859253,0.02271670289337635,0.0,0.0,0.0,0.0,0.03363732621073723,0.08874217420816422,0.0721282884478569,1.9890153408050537,1.877217411994934,0.7588391304016113,0.4836203157901764
model.layers.13.mlp.up_proj,6144x2048,12582912,0.5006780624389648,0.4999314248561859,0.0,0.0,0.1810014694929123,0.034032437950372696,0.1650203913450241,0.018718767911195755,0.0,0.0,0.0,0.0,0.034040410071611404,0.08952836692333221,0.08303932845592499,1.9760141372680664,2.136397361755371,0.7628323435783386,0.4891795217990875
model.layers.13.self_attn.k_proj,1024x2048,2097152,0.5024433135986328,0.5002174377441406,0.0,0.0,0.15944817662239075,0.053387850522994995,0.08413349837064743,0.017344586551189423,0.0,0.0,0.0,0.0,0.03069903329014778,0.08134989440441132,0.04295136779546738,2.0027871131896973,1.2245649099349976,0.7568188905715942,0.5210281014442444
model.layers.13.self_attn.o_proj,2048x2048,4194304,0.49974513053894043,0.49980926513671875,0.0,0.0,0.1492786407470703,0.03892200440168381,0.11196105182170868,0.023874787613749504,0.0,0.0,0.0,0.0,0.02906082384288311,0.0754302442073822,0.057239145040512085,1.931262731552124,1.6105279922485352,0.7719526886940002,0.5802232623100281
model.layers.13.self_attn.q_proj,2048x2048,4194304,0.49959826469421387,0.5000240802764893,0.0,0.0,0.17420369386672974,0.07293202728033066,0.08226831257343292,0.023608587682247162,0.0,0.0,0.0,0.0,0.035038117319345474,0.09178982675075531,0.04279439151287079,1.9641609191894531,1.072371244430542,0.7643911242485046,0.5492849946022034
model.layers.13.self_attn.v_proj,1024x2048,2097152,0.4986724853515625,0.5002932548522949,0.0,0.0,0.17719091475009918,0.0270623117685318,0.13750901818275452,0.011407341808080673,0.0,0.0,0.0,0.0,0.03321962058544159,0.08738625794649124,0.06899067014455795,1.9770184755325317,1.681685209274292,0.7624350190162659,0.59828782081604
model.layers.14.mlp.down_proj,2048x6144,12582912,0.5007633566856384,0.49993085861206055,0.0,0.0,0.18003183603286743,0.03559079021215439,0.10546404123306274,0.01461219321936369,0.0,0.0,0.0,0.0,0.03241031989455223,0.0880800113081932,0.053235750645399094,2.084827423095703,1.3906993865966797,0.7431300282478333,0.5369510054588318
model.layers.14.mlp.gate_proj,6144x2048,12582912,0.5002982020378113,0.500403106212616,0.0,0.0,0.17092886567115784,0.04787074774503708,0.14526836574077606,0.023356961086392403,0.0,0.0,0.0,0.0,0.03218766674399376,0.08565620332956314,0.07356703281402588,2.0188300609588623,2.0025253295898438,0.7526904940605164,0.4842795729637146
model.layers.14.mlp.up_proj,6144x2048,12582912,0.5000669360160828,0.4999864995479584,0.0,0.0,0.17693141102790833,0.03445742651820183,0.16780120134353638,0.01995157077908516,0.0,0.0,0.0,0.0,0.0329822413623333,0.08733895421028137,0.08449158072471619,1.9994112253189087,2.2516531944274902,0.7580228447914124,0.48649096488952637
model.layers.14.self_attn.k_proj,1024x2048,2097152,0.5038199424743652,0.4997563362121582,0.0,0.0,0.15878328680992126,0.0620320625603199,0.08659958839416504,0.022590549662709236,0.0,0.0,0.0,0.0,0.030472593382000923,0.08192764967679977,0.04474879056215286,2.0541951656341553,1.2721606492996216,0.7455313205718994,0.5236932039260864
model.layers.14.self_attn.o_proj,2048x2048,4194304,0.5002539157867432,0.5001683235168457,0.0,0.0,0.14854133129119873,0.0410703606903553,0.10968436300754547,0.023904157802462578,0.0,0.0,0.0,0.0,0.029079459607601166,0.07541153579950333,0.056129466742277145,1.9273881912231445,1.5762439966201782,0.7732138633728027,0.5805495381355286
model.layers.14.self_attn.q_proj,2048x2048,4194304,0.5012750625610352,0.49979686737060547,0.0,0.0,0.17175650596618652,0.06844578683376312,0.08220179378986359,0.023338913917541504,0.0,0.0,0.0,0.0,0.03389068692922592,0.08959662914276123,0.042725395411252975,1.9944500923156738,1.1130081415176392,0.7586560845375061,0.5356359481811523
model.layers.14.self_attn.v_proj,1024x2048,2097152,0.5012235641479492,0.5001683235168457,0.0,0.0,0.17406731843948364,0.027352049946784973,0.13850030303001404,0.012736819684505463,0.0,0.0,0.0,0.0,0.03238684684038162,0.08582234382629395,0.06954235583543777,1.9996037483215332,1.7414278984069824,0.7592024207115173,0.6003216505050659
model.layers.15.mlp.down_proj,2048x6144,12582912,0.49957722425460815,0.4999847412109375,0.0,0.0,0.17986565828323364,0.03653378039598465,0.10822759568691254,0.014919335022568703,0.0,0.0,0.0,0.0,0.032550688832998276,0.0880851149559021,0.05462553724646568,2.0710017681121826,1.4246702194213867,0.745333194732666,0.5322957634925842
model.layers.15.mlp.gate_proj,6144x2048,12582912,0.4998799264431,0.5006622672080994,0.0,0.0,0.1727907657623291,0.05007946491241455,0.14993011951446533,0.02467808499932289,0.0,0.0,0.0,0.0,0.03239541873335838,0.08653721958398819,0.07597368955612183,2.033257484436035,2.058670997619629,0.7490031123161316,0.4822263717651367
model.layers.15.mlp.up_proj,6144x2048,12582912,0.4998437762260437,0.5001187324523926,0.0,0.0,0.18092434108257294,0.03722981736063957,0.17118129134178162,0.020236382260918617,0.0,0.0,0.0,0.0,0.033720314502716064,0.0893770232796669,0.08618663996458054,2.003549098968506,2.250577926635742,0.7566666603088379,0.48273247480392456
model.layers.15.self_attn.k_proj,1024x2048,2097152,0.4996962547302246,0.5000882148742676,0.0,0.0,0.150104820728302,0.04760679975152016,0.08082611858844757,0.016514526680111885,0.0,0.0,0.0,0.0,0.02908368408679962,0.07642342895269394,0.04124800115823746,1.974426031112671,1.2571805715560913,0.7623551487922668,0.5044717788696289
model.layers.15.self_attn.o_proj,2048x2048,4194304,0.4996802806854248,0.5000367164611816,0.0,0.0,0.15218782424926758,0.04370183125138283,0.10834473371505737,0.023358354344964027,0.0,0.0,0.0,0.0,0.029724089428782463,0.07736935466527939,0.05541704222559929,1.9398834705352783,1.5342518091201782,0.7706799507141113,0.5690869092941284
model.layers.15.self_attn.q_proj,2048x2048,4194304,0.5010817050933838,0.5000903606414795,0.0,0.0,0.1748223602771759,0.07138030230998993,0.07805141806602478,0.0227541271597147,0.0,0.0,0.0,0.0,0.03476273640990257,0.0913568064570427,0.04065025597810745,1.9787951707839966,1.0702705383300781,0.7592830657958984,0.5224769115447998
model.layers.15.self_attn.v_proj,1024x2048,2097152,0.4992818832397461,0.500485897064209,0.0,0.0,0.17871583998203278,0.03682788833975792,0.1421475112438202,0.01511181890964508,0.0,0.0,0.0,0.0,0.032237354665994644,0.08723754435777664,0.07147422432899475,2.0817363262176514,1.8119906187057495,0.7371024489402771,0.5936353206634521
model.layers.16.mlp.down_proj,2048x6144,12582912,0.5002195239067078,0.5001606345176697,0.0,0.0,0.18696904182434082,0.043438516557216644,0.11468523740768433,0.01634019799530506,0.0,0.0,0.0,0.0,0.03283826261758804,0.09029709547758102,0.057921718806028366,2.1402323246002197,1.5078630447387695,0.7238011360168457,0.5208813548088074
model.layers.16.mlp.gate_proj,6144x2048,12582912,0.5007138252258301,0.5011825561523438,0.0,0.0,0.17413869500160217,0.046555403620004654,0.1573023796081543,0.03166870400309563,0.0,0.0,0.0,0.0,0.03219521790742874,0.08662289381027222,0.08022905886173248,2.058234453201294,2.201688766479492,0.7438530325889587,0.4740105867385864
model.layers.16.mlp.up_proj,6144x2048,12582912,0.5001947283744812,0.49988335371017456,0.0,0.0,0.18960890173912048,0.038521796464920044,0.1779729127883911,0.023250224068760872,0.0,0.0,0.0,0.0,0.034630123525857925,0.0928911417722702,0.08974259346723557,2.0493617057800293,2.2928426265716553,0.7447266578674316,0.47435417771339417
model.layers.16.self_attn.k_proj,1024x2048,2097152,0.4992790222167969,0.5000653266906738,0.0,0.0,0.1541089564561844,0.07244979590177536,0.08493149280548096,0.022917134687304497,0.0,0.0,0.0,0.0,0.030218929052352905,0.08138053864240646,0.04398452118039131,2.0652682781219482,1.2913169860839844,0.7402644753456116,0.4984665513038635
model.layers.16.self_attn.o_proj,2048x2048,4194304,0.49982786178588867,0.4997899532318115,0.0,0.0,0.15156757831573486,0.04570387676358223,0.10823337733745575,0.023529455065727234,0.0,0.0,0.0,0.0,0.029786590486764908,0.07740138471126556,0.055380720645189285,1.9344117641448975,1.5420663356781006,0.7716696858406067,0.5590540170669556
model.layers.16.self_attn.q_proj,2048x2048,4194304,0.5004332065582275,0.49978160858154297,0.0,0.0,0.18265698850154877,0.09067098796367645,0.08455689251422882,0.026816952973604202,0.0,0.0,0.0,0.0,0.037089575082063675,0.09863970428705215,0.04435373842716217,2.017660617828369,1.0581858158111572,0.7523940205574036,0.5478553771972656
model.layers.16.self_attn.v_proj,1024x2048,2097152,0.5001368522644043,0.5000190734863281,0.0,0.0,0.17625954747200012,0.030695533379912376,0.14506864547729492,0.01708613522350788,0.0,0.0,0.0,0.0,0.032440293580293655,0.08674247562885284,0.07303568720817566,2.0317680835723877,1.8548048734664917,0.7520294189453125,0.5837391018867493
model.layers.17.mlp.down_proj,2048x6144,12582912,0.4998819828033447,0.49988555908203125,0.0,0.0,0.18617376685142517,0.033229559659957886,0.11812172830104828,0.016462335363030434,0.0,0.0,0.0,0.0,0.033873509615659714,0.09090084582567215,0.05963167920708656,2.0445878505706787,1.4813485145568848,0.7492043972015381,0.5409764051437378
model.layers.17.mlp.gate_proj,6144x2048,12582912,0.5007370710372925,0.5008143186569214,0.0,0.0,0.17363105714321136,0.05153409391641617,0.16030313074588776,0.03300284594297409,0.0,0.0,0.0,0.0,0.03211206570267677,0.0865384191274643,0.08183244615793228,2.0693883895874023,2.2559964656829834,0.7384472489356995,0.4717820882797241
model.layers.17.mlp.up_proj,6144x2048,12582912,0.5002567172050476,0.49990957975387573,0.0,0.0,0.1929112672805786,0.03759394958615303,0.18034860491752625,0.022786246612668037,0.0,0.0,0.0,0.0,0.03595857694745064,0.09513954818248749,0.09089118242263794,1.998705267906189,2.2333080768585205,0.7569498419761658,0.4750273823738098
model.layers.17.self_attn.k_proj,1024x2048,2097152,0.5001239776611328,0.49909305572509766,0.0,0.0,0.1567385494709015,0.048284437507390976,0.08315189182758331,0.01696845144033432,0.0,0.0,0.0,0.0,0.030117832124233246,0.07909655570983887,0.04243272915482521,1.9796407222747803,1.2657355070114136,0.7573848962783813,0.49077242612838745
model.layers.17.self_attn.o_proj,2048x2048,4194304,0.5004792213439941,0.4999561309814453,0.0,0.0,0.1546173393726349,0.04505344480276108,0.11199036240577698,0.02690916322171688,0.0,0.0,0.0,0.0,0.030208280310034752,0.07864765077829361,0.05758894234895706,1.9426257610321045,1.5298254489898682,0.7690552473068237,0.6016533970832825
model.layers.17.self_attn.q_proj,2048x2048,4194304,0.5012736320495605,0.5001013278961182,0.0,0.0,0.18174350261688232,0.07091044634580612,0.08518660068511963,0.025607403367757797,0.0,0.0,0.0,0.0,0.035448405891656876,0.0943872407078743,0.04447610676288605,2.017148733139038,1.1073788404464722,0.7550541162490845,0.5371577143669128
model.layers.17.self_attn.v_proj,1024x2048,2097152,0.5014243125915527,0.4999098777770996,0.0,0.0,0.18369102478027344,0.037325114011764526,0.15185528993606567,0.022123923525214195,0.0,0.0,0.0,0.0,0.03375154733657837,0.09083389490842819,0.07672923058271408,2.0511276721954346,1.8319541215896606,0.7497909069061279,0.6184877753257751
model.layers.18.mlp.down_proj,2048x6144,12582912,0.5005174875259399,0.4998573660850525,0.0,0.0,0.19125151634216309,0.03423874452710152,0.12042012810707092,0.016806747764348984,0.0,0.0,0.0,0.0,0.03477656841278076,0.09323523938655853,0.06079365685582161,2.0434019565582275,1.4753444194793701,0.748263955116272,0.537516176700592
model.layers.18.mlp.gate_proj,6144x2048,12582912,0.500389575958252,0.5008437633514404,0.0,0.0,0.17588624358177185,0.051472727209329605,0.16407404839992523,0.034230705350637436,0.0,0.0,0.0,0.0,0.03246336430311203,0.08742457628250122,0.08380325883626938,2.068047046661377,2.2922656536102295,0.7381159067153931,0.46669062972068787
model.layers.18.mlp.up_proj,6144x2048,12582912,0.5004373788833618,0.4999346137046814,0.0,0.0,0.1937650889158249,0.03809446841478348,0.18277572095394135,0.024634966626763344,0.0,0.0,0.0,0.0,0.03604213148355484,0.09545533359050751,0.09221421182155609,2.0033462047576904,2.2708330154418945,0.7553184032440186,0.46693122386932373
model.layers.18.self_attn.k_proj,1024x2048,2097152,0.5007462501525879,0.5002098083496094,0.0,0.0,0.1512366682291031,0.05585930868983269,0.0859338566660881,0.021012665703892708,0.0,0.0,0.0,0.0,0.029400436207652092,0.07770335674285889,0.04423278570175171,1.999328374862671,1.3503443002700806,0.7544240355491638,0.47859010100364685
model.layers.18.self_attn.o_proj,2048x2048,4194304,0.5007307529449463,0.49992799758911133,0.0,0.0,0.1466500163078308,0.03658135235309601,0.1053370013833046,0.019974367693066597,0.0,0.0,0.0,0.0,0.02838871255517006,0.07390019297599792,0.0536070391535759,1.940237283706665,1.5864505767822266,0.7705824375152588,0.5425279140472412
model.layers.18.self_attn.q_proj,2048x2048,4194304,0.5013155937194824,0.5000131130218506,0.0,0.0,0.1816076785326004,0.07910878211259842,0.08476981520652771,0.024207815527915955,0.0,0.0,0.0,0.0,0.03651481121778488,0.09634841978549957,0.04407930374145508,1.9854823350906372,1.0833508968353271,0.7617905139923096,0.5316567420959473
model.layers.18.self_attn.v_proj,1024x2048,2097152,0.4978032112121582,0.500279426574707,0.0,0.0,0.17466886341571808,0.02664978988468647,0.1481013298034668,0.014729531481862068,0.0,0.0,0.0,0.0,0.031735241413116455,0.08528386801481247,0.07441598922014236,2.050818681716919,1.949288249015808,0.747212290763855,0.5754690170288086
model.layers.19.mlp.down_proj,2048x6144,12582912,0.5001899003982544,0.5001225471496582,0.0,0.0,0.19930776953697205,0.03775457292795181,0.12849286198616028,0.017635812982916832,0.0,0.0,0.0,0.0,0.03586621582508087,0.09674666076898575,0.06484873592853546,2.067673921585083,1.5146147012710571,0.7416064739227295,0.5461809635162354
model.layers.19.mlp.gate_proj,6144x2048,12582912,0.5003306269645691,0.5003643035888672,0.0,0.0,0.17931678891181946,0.05297408252954483,0.16652384400367737,0.0344044454395771,0.0,0.0,0.0,0.0,0.03291415795683861,0.08891516923904419,0.08502034097909927,2.080035448074341,2.2979557514190674,0.7350070476531982,0.4629596471786499
model.layers.19.mlp.up_proj,6144x2048,12582912,0.5010756850242615,0.4998903274536133,0.0,0.0,0.1986883580684662,0.04142410680651665,0.18436938524246216,0.02624313347041607,0.0,0.0,0.0,0.0,0.03667839616537094,0.0975201204419136,0.09311386942863464,2.0200343132019043,2.2587456703186035,0.7500843405723572,0.4614344537258148
model.layers.19.self_attn.k_proj,1024x2048,2097152,0.5007128715515137,0.5006537437438965,0.0,0.0,0.15352192521095276,0.0541500523686409,0.08428074419498444,0.01983099803328514,0.0,0.0,0.0,0.0,0.02952945977449417,0.07832890003919601,0.04329117387533188,2.0120763778686523,1.3391717672348022,0.7516632676124573,0.46242955327033997
model.layers.19.self_attn.o_proj,2048x2048,4194304,0.5001726150512695,0.49984073638916016,0.0,0.0,0.15236562490463257,0.038834746927022934,0.11171825230121613,0.02522684633731842,0.0,0.0,0.0,0.0,0.02949477545917034,0.07677425444126129,0.057265520095825195,1.9417234659194946,1.6256887912750244,0.7693505883216858,0.5476931929588318
model.layers.19.self_attn.q_proj,2048x2048,4194304,0.5006794929504395,0.4995276927947998,0.0,0.0,0.1832338124513626,0.09114569425582886,0.08602437376976013,0.028543930500745773,0.0,0.0,0.0,0.0,0.03765910118818283,0.09950300306081772,0.045318156480789185,1.9897632598876953,1.0818116664886475,0.7611230611801147,0.53092360496521
model.layers.19.self_attn.v_proj,1024x2048,2097152,0.49686717987060547,0.49971914291381836,0.0,0.0,0.18238189816474915,0.03858092054724693,0.14994767308235168,0.01910329796373844,0.0,0.0,0.0,0.0,0.031685322523117065,0.08816628903150558,0.07557980716228485,2.1825971603393555,2.01123309135437,0.7149956226348877,0.5543724894523621
model.layers.20.mlp.down_proj,2048x6144,12582912,0.4995419979095459,0.4999852180480957,0.0,0.0,0.20120005309581757,0.03708036616444588,0.13210658729076385,0.01938444934785366,0.0,0.0,0.0,0.0,0.03679193556308746,0.09821650385856628,0.0667605921626091,2.030895233154297,1.514315128326416,0.7495298981666565,0.5509428977966309
model.layers.20.mlp.gate_proj,6144x2048,12582912,0.4998459219932556,0.5005530118942261,0.0,0.0,0.18403542041778564,0.049209706485271454,0.16244320571422577,0.031242050230503082,0.0,0.0,0.0,0.0,0.03421163931488991,0.09129031747579575,0.08271007239818573,2.0337939262390137,2.1596155166625977,0.7465174794197083,0.45103272795677185
model.layers.20.mlp.up_proj,6144x2048,12582912,0.5004541873931885,0.4997093677520752,0.0,0.0,0.20145413279533386,0.038796816021203995,0.17893242835998535,0.025524180382490158,0.0,0.0,0.0,0.0,0.03760751709342003,0.09928496927022934,0.09037184715270996,1.9918750524520874,2.140927314758301,0.7579822540283203,0.4558762311935425
model.layers.20.self_attn.k_proj,1024x2048,2097152,0.5008869171142578,0.49973154067993164,0.0,0.0,0.16412442922592163,0.05584259331226349,0.09010887145996094,0.0175614096224308,0.0,0.0,0.0,0.0,0.0309477299451828,0.08298111706972122,0.04590209200978279,2.051701307296753,1.345761775970459,0.7421825528144836,0.46818843483924866
model.layers.20.self_attn.o_proj,2048x2048,4194304,0.5005080699920654,0.49990415573120117,0.0,0.0,0.1581660509109497,0.044592659920454025,0.12058966606855392,0.027802148833870888,0.0,0.0,0.0,0.0,0.03080746717751026,0.08032163977622986,0.06187654286623001,1.9459527730941772,1.6612437963485718,0.769180417060852,0.5661731958389282
model.layers.20.self_attn.q_proj,2048x2048,4194304,0.5002617835998535,0.4998359680175781,0.0,0.0,0.191988006234169,0.0883813202381134,0.08887605369091034,0.027535902336239815,0.0,0.0,0.0,0.0,0.038211800158023834,0.10216914862394333,0.04652197286486626,2.0339202880859375,1.085785984992981,0.7502837777137756,0.5352540016174316
model.layers.20.self_attn.v_proj,1024x2048,2097152,0.4998140335083008,0.500190258026123,0.0,0.0,0.19131526350975037,0.04106501117348671,0.1600530743598938,0.021647699177265167,0.0,0.0,0.0,0.0,0.03299222141504288,0.0922510102391243,0.08075518906116486,2.1992104053497314,2.0588607788085938,0.7120330333709717,0.562229573726654
model.layers.21.mlp.down_proj,2048x6144,12582912,0.5005204081535339,0.5001592040061951,0.0,0.0,0.2007007598876953,0.03810504823923111,0.13598781824111938,0.022443171590566635,0.0,0.0,0.0,0.0,0.03746704012155533,0.09860625118017197,0.06891367584466934,1.9815824031829834,1.5279719829559326,0.7598899602890015,0.556832492351532
model.layers.21.mlp.gate_proj,6144x2048,12582912,0.49988722801208496,0.5000433325767517,0.0,0.0,0.18608808517456055,0.04452158510684967,0.16247975826263428,0.028110729530453682,0.0,0.0,0.0,0.0,0.035074714571237564,0.09231457859277725,0.08244678378105164,1.9851446151733398,2.0911171436309814,0.757294774055481,0.4578748345375061
model.layers.21.mlp.up_proj,6144x2048,12582912,0.4999105930328369,0.4998657703399658,0.0,0.0,0.20355716347694397,0.03796630725264549,0.18190984427928925,0.024189934134483337,0.0,0.0,0.0,0.0,0.03823947161436081,0.10035765916109085,0.09175557643175125,1.9717694520950317,2.128706932067871,0.7620396614074707,0.46388888359069824
model.layers.21.self_attn.k_proj,1024x2048,2097152,0.5000262260437012,0.5002694129943848,0.0,0.0,0.16189637780189514,0.0646587386727333,0.09444046765565872,0.02452213503420353,0.0,0.0,0.0,0.0,0.031619954854249954,0.08373827487230301,0.04878610372543335,2.00887131690979,1.3980188369750977,0.7510154247283936,0.46213671565055847
model.layers.21.self_attn.o_proj,2048x2048,4194304,0.5001730918884277,0.5000739097595215,0.0,0.0,0.16571660339832306,0.04581667482852936,0.11867063492536545,0.028309611603617668,0.0,0.0,0.0,0.0,0.03236940875649452,0.08406215906143188,0.061000313609838486,1.9344228506088257,1.5735934972763062,0.7705594301223755,0.5505856275558472
model.layers.21.self_attn.q_proj,2048x2048,4194304,0.5006182193756104,0.4994838237762451,0.0,0.0,0.1912538856267929,0.08188556134700775,0.09186244010925293,0.025077110156416893,0.0,0.0,0.0,0.0,0.03826767951250076,0.10115637630224228,0.04761185869574547,1.9942095279693604,1.1196404695510864,0.7586157917976379,0.5201773643493652
model.layers.21.self_attn.v_proj,1024x2048,2097152,0.5003471374511719,0.5002884864807129,0.0,0.0,0.1982988566160202,0.054144684225320816,0.15820375084877014,0.021898547187447548,0.0,0.0,0.0,0.0,0.03564925864338875,0.09824159741401672,0.07985606789588928,2.1425223350524902,1.8825570344924927,0.7264613509178162,0.5521747469902039
model.layers.22.mlp.down_proj,2048x6144,12582912,0.5006083846092224,0.49983057379722595,0.0,0.0,0.20053987205028534,0.04172585904598236,0.13874976336956024,0.025585681200027466,0.0,0.0,0.0,0.0,0.038130879402160645,0.0993504598736763,0.0705445259809494,1.9479146003723145,1.5346561670303345,0.766514241695404,0.5587819218635559
model.layers.22.mlp.gate_proj,6144x2048,12582912,0.4996785521507263,0.499976247549057,0.0,0.0,0.18791167438030243,0.04078539088368416,0.16291113197803497,0.027140850201249123,0.0,0.0,0.0,0.0,0.035698793828487396,0.09310221672058105,0.08257823437452316,1.9538025856018066,2.05436110496521,0.7638583779335022,0.4605012536048889
model.layers.22.mlp.up_proj,6144x2048,12582912,0.49965351819992065,0.49989938735961914,0.0,0.0,0.204079270362854,0.0348903052508831,0.1832042634487152,0.023341521620750427,0.0,0.0,0.0,0.0,0.03861335664987564,0.1006954237818718,0.09234260767698288,1.9500274658203125,2.117682933807373,0.7665399312973022,0.4671894907951355
model.layers.22.self_attn.k_proj,1024x2048,2097152,0.500117301940918,0.49989748001098633,0.0,0.0,0.16212353110313416,0.05668998882174492,0.09081943333148956,0.01656714268028736,0.0,0.0,0.0,0.0,0.031301721930503845,0.08288300782442093,0.04615907371044159,2.004957437515259,1.3536285161972046,0.7536969184875488,0.455118864774704
model.layers.22.self_attn.o_proj,2048x2048,4194304,0.49996137619018555,0.5004117488861084,0.0,0.0,0.16379117965698242,0.0412188358604908,0.11573202908039093,0.02861698530614376,0.0,0.0,0.0,0.0,0.03203790262341499,0.08264845609664917,0.059608783572912216,1.9134846925735474,1.5550190210342407,0.7740163803100586,0.549197256565094
model.layers.22.self_attn.q_proj,2048x2048,4194304,0.5000367164611816,0.5002751350402832,0.0,0.0,0.18784509599208832,0.0783589780330658,0.08894482254981995,0.023754317313432693,0.0,0.0,0.0,0.0,0.03731444478034973,0.09886419773101807,0.046031102538108826,2.002326488494873,1.1315253973007202,0.7568400502204895,0.5031692385673523
model.layers.22.self_attn.v_proj,1024x2048,2097152,0.5010156631469727,0.4991483688354492,0.0,0.0,0.19683463871479034,0.04034647345542908,0.15396025776863098,0.026895493268966675,0.0,0.0,0.0,0.0,0.03511957451701164,0.09589929133653641,0.07814577221870422,2.1140005588531494,1.8712337017059326,0.7301307916641235,0.5504655241966248
model.layers.23.mlp.down_proj,2048x6144,12582912,0.5003833770751953,0.5000874996185303,0.0,0.0,0.20107874274253845,0.04513055458664894,0.1373322755098343,0.026371119543910027,0.0,0.0,0.0,0.0,0.038510628044605255,0.10004673898220062,0.06992065161466599,1.9379421472549438,1.5224792957305908,0.7685946226119995,0.5448638796806335
model.layers.23.mlp.gate_proj,6144x2048,12582912,0.5002998113632202,0.4999581277370453,0.0,0.0,0.18899807333946228,0.03717492148280144,0.1642836332321167,0.025632141157984734,0.0,0.0,0.0,0.0,0.03614373505115509,0.09363871067762375,0.08313560485839844,1.9304448366165161,2.0400919914245605,0.7691402435302734,0.46272459626197815
model.layers.23.mlp.up_proj,6144x2048,12582912,0.4999525547027588,0.49991482496261597,0.0,0.0,0.20358149707317352,0.032894108444452286,0.18275833129882812,0.02304316684603691,0.0,0.0,0.0,0.0,0.03874123841524124,0.10048776119947433,0.09210264682769775,1.932326316833496,2.1083521842956543,0.7699096202850342,0.46412181854248047
model.layers.23.self_attn.k_proj,1024x2048,2097152,0.5006461143493652,0.49933958053588867,0.0,0.0,0.16595426201820374,0.051850736141204834,0.08805152773857117,0.01701095513999462,0.0,0.0,0.0,0.0,0.030881553888320923,0.08268198370933533,0.04483979940414429,2.0528643131256104,1.3581043481826782,0.7384387850761414,0.43520721793174744
model.layers.23.self_attn.o_proj,2048x2048,4194304,0.4993438720703125,0.500032901763916,0.0,0.0,0.16613808274269104,0.039325449615716934,0.12254799902439117,0.02580038271844387,0.0,0.0,0.0,0.0,0.03228747844696045,0.08353833109140396,0.0626172348856926,1.9211634397506714,1.6338499784469604,0.7736554741859436,0.539267361164093
model.layers.23.self_attn.q_proj,2048x2048,4194304,0.5001909732818604,0.4997670650482178,0.0,0.0,0.181491881608963,0.06329550594091415,0.08571334183216095,0.023853493854403496,0.0,0.0,0.0,0.0,0.034872058779001236,0.09274030476808548,0.044485289603471756,2.019608974456787,1.1971659660339355,0.7508742213249207,0.46803972125053406
model.layers.23.self_attn.v_proj,1024x2048,2097152,0.5013980865478516,0.5009422302246094,0.0,0.0,0.19471369683742523,0.037671033293008804,0.1609565019607544,0.019332218915224075,0.0,0.0,0.0,0.0,0.03449225798249245,0.09461928904056549,0.08105652034282684,2.13018536567688,1.9870831966400146,0.7267974019050598,0.5476513504981995
model.layers.24.mlp.down_proj,2048x6144,12582912,0.4999349117279053,0.5000231266021729,0.0,0.0,0.2016468644142151,0.04439888894557953,0.13718266785144806,0.025532316416502,0.0,0.0,0.0,0.0,0.03863804042339325,0.10034891963005066,0.0697692334651947,1.9363847970962524,1.529701590538025,0.7692306041717529,0.5318158268928528
model.layers.24.mlp.gate_proj,6144x2048,12582912,0.49994516372680664,0.4996189475059509,0.0,0.0,0.18696630001068115,0.03565134108066559,0.1634121984243393,0.025914406403899193,0.0,0.0,0.0,0.0,0.03575233370065689,0.09252304583787918,0.0827270895242691,1.9273335933685303,2.0590691566467285,0.7694595456123352,0.456879198551178
model.layers.24.mlp.up_proj,6144x2048,12582912,0.5003093481063843,0.5000035166740417,0.0,0.0,0.20420026779174805,0.0322788767516613,0.1846390664577484,0.022897828370332718,0.0,0.0,0.0,0.0,0.03892885521054268,0.10081231594085693,0.09302674233913422,1.9271636009216309,2.1211109161376953,0.7708280682563782,0.4626941978931427
model.layers.24.self_attn.k_proj,1024x2048,2097152,0.4994978904724121,0.49944591522216797,0.0,0.0,0.16423122584819794,0.05704863369464874,0.0845857560634613,0.018268169835209846,0.0,0.0,0.0,0.0,0.03084636852145195,0.08283039182424545,0.04326796531677246,2.0609235763549805,1.3364200592041016,0.7379550933837891,0.42116448283195496
model.layers.24.self_attn.o_proj,2048x2048,4194304,0.49921584129333496,0.4997386932373047,0.0,0.0,0.1701875627040863,0.03902830183506012,0.12221262603998184,0.02878628857433796,0.0,0.0,0.0,0.0,0.03298391401767731,0.08537788689136505,0.0627785250544548,1.9230989217758179,1.588718295097351,0.7730186581611633,0.5512914657592773
model.layers.24.self_attn.q_proj,2048x2048,4194304,0.5006041526794434,0.49988603591918945,0.0,0.0,0.18899981677532196,0.07390546053647995,0.08461122214794159,0.02552138827741146,0.0,0.0,0.0,0.0,0.03644862398505211,0.09743447601795197,0.0441882349550724,2.040287494659424,1.1444240808486938,0.7450299859046936,0.47844088077545166
model.layers.24.self_attn.v_proj,1024x2048,2097152,0.4984135627746582,0.5002412796020508,0.0,0.0,0.19348007440567017,0.03082827851176262,0.1565628945827484,0.021830763667821884,0.0,0.0,0.0,0.0,0.03472021594643593,0.09411937743425369,0.07903878390789032,2.0875704288482666,1.9238852262496948,0.7360345125198364,0.5449020862579346
model.layers.25.mlp.down_proj,2048x6144,12582912,0.4997486472129822,0.5000514388084412,0.0,0.0,0.20111171901226044,0.03890371695160866,0.1355907917022705,0.021112924441695213,0.0,0.0,0.0,0.0,0.038324255496263504,0.09961327165365219,0.06861235201358795,1.938828706741333,1.5336402654647827,0.7688645124435425,0.5175529718399048
model.layers.25.mlp.gate_proj,6144x2048,12582912,0.4994813799858093,0.4992939829826355,0.0,0.0,0.1846465766429901,0.0360465832054615,0.15946772694587708,0.027542810887098312,0.0,0.0,0.0,0.0,0.035227205604314804,0.09135006368160248,0.08091431111097336,1.9346883296966553,2.057884931564331,0.7676916718482971,0.4442873001098633
model.layers.25.mlp.up_proj,6144x2048,12582912,0.501076877117157,0.4998970925807953,0.0,0.0,0.2046484649181366,0.03346524015069008,0.1848832368850708,0.02320825681090355,0.0,0.0,0.0,0.0,0.039009202271699905,0.10101395100355148,0.09316710382699966,1.9277527332305908,2.1238930225372314,0.7702750563621521,0.4591540992259979
model.layers.25.self_attn.k_proj,1024x2048,2097152,0.49812793731689453,0.5002241134643555,0.0,0.0,0.1585398018360138,0.05168317258358002,0.08665314316749573,0.018075302243232727,0.0,0.0,0.0,0.0,0.02973763830959797,0.07967837899923325,0.04425913095474243,2.0524470806121826,1.3940012454986572,0.7401998043060303,0.42727959156036377
model.layers.25.self_attn.o_proj,2048x2048,4194304,0.5016739368438721,0.4996757507324219,0.0,0.0,0.17795667052268982,0.04128969833254814,0.11823265254497528,0.026975814253091812,0.0,0.0,0.0,0.0,0.034611716866493225,0.08939867466688156,0.060635484755039215,1.9167991876602173,1.4489628076553345,0.7737945318222046,0.5621341466903687
model.layers.25.self_attn.q_proj,2048x2048,4194304,0.49832916259765625,0.5001795291900635,0.0,0.0,0.18367666006088257,0.07124341279268265,0.08829331398010254,0.02639998123049736,0.0,0.0,0.0,0.0,0.03538057208061218,0.09449693560600281,0.04607783257961273,2.039625406265259,1.1994177103042603,0.743857204914093,0.48278501629829407
model.layers.25.self_attn.v_proj,1024x2048,2097152,0.4973316192626953,0.49976015090942383,0.0,0.0,0.21139463782310486,0.03638977184891701,0.15302017331123352,0.01795171946287155,0.0,0.0,0.0,0.0,0.038408610969781876,0.10346788167953491,0.07703477889299393,2.065016746520996,1.6673393249511719,0.7410772442817688,0.5590841174125671
model.layers.26.mlp.down_proj,2048x6144,12582912,0.4993649423122406,0.499846875667572,0.0,0.0,0.1992313116788864,0.03498693183064461,0.1311667412519455,0.013860352337360382,0.0,0.0,0.0,0.0,0.037655267864465714,0.09825517237186432,0.06594850867986679,1.9520004987716675,1.519968032836914,0.7661576271057129,0.5016095042228699
model.layers.26.mlp.gate_proj,6144x2048,12582912,0.49778008460998535,0.4995524287223816,0.0,0.0,0.18363985419273376,0.035933662205934525,0.14978444576263428,0.028208918869495392,0.0,0.0,0.0,0.0,0.03493674844503403,0.0906938686966896,0.07620874792337418,1.9399820566177368,1.9590344429016113,0.7656994462013245,0.4401898682117462
model.layers.26.mlp.up_proj,6144x2048,12582912,0.5005588531494141,0.5003055334091187,0.0,0.0,0.20320861041545868,0.03336140140891075,0.17677903175354004,0.02371753752231598,0.0,0.0,0.0,0.0,0.03877122327685356,0.10047990083694458,0.08918146789073944,1.9292372465133667,2.0473825931549072,0.770658016204834,0.45629405975341797
model.layers.26.self_attn.k_proj,1024x2048,2097152,0.5008692741394043,0.49957847595214844,0.0,0.0,0.15293854475021362,0.048606980592012405,0.08819147944450378,0.015202001668512821,0.0,0.0,0.0,0.0,0.028923194855451584,0.07695422321557999,0.044746033847332,2.0253865718841553,1.4474848508834839,0.7473418712615967,0.4195672869682312
model.layers.26.self_attn.o_proj,2048x2048,4194304,0.5004286766052246,0.5001771450042725,0.0,0.0,0.17404580116271973,0.05623321235179901,0.11842051148414612,0.02659764513373375,0.0,0.0,0.0,0.0,0.034443408250808716,0.08936122059822083,0.06068536266684532,1.9319782257080078,1.482738733291626,0.7706027626991272,0.5408203601837158
model.layers.26.self_attn.q_proj,2048x2048,4194304,0.4992799758911133,0.500157356262207,0.0,0.0,0.19397419691085815,0.08386337757110596,0.09277218580245972,0.02681339904665947,0.0,0.0,0.0,0.0,0.03833454102277756,0.1018480733036995,0.04828466475009918,2.0209786891937256,1.1243867874145508,0.747952401638031,0.5248841643333435
model.layers.26.self_attn.v_proj,1024x2048,2097152,0.5004982948303223,0.5006155967712402,0.0,0.0,0.20001636445522308,0.036465007811784744,0.14197668433189392,0.01499551348388195,0.0,0.0,0.0,0.0,0.03730903938412666,0.09873806685209274,0.07138314843177795,2.0012240409851074,1.616344690322876,0.7555326223373413,0.5352356433868408
model.layers.27.mlp.down_proj,2048x6144,12582912,0.5006426572799683,0.4999885559082031,0.0,0.0,0.19202306866645813,0.037597645074129105,0.10317029803991318,0.010881035588681698,0.0,0.0,0.0,0.0,0.03495558351278305,0.09407737106084824,0.05187125504016876,2.0541722774505615,1.3801485300064087,0.7475264072418213,0.4370877146720886
model.layers.27.mlp.gate_proj,6144x2048,12582912,0.49905771017074585,0.49860405921936035,0.0,0.0,0.1924954354763031,0.044842302799224854,0.14470741152763367,0.02698354981839657,0.0,0.0,0.0,0.0,0.03696710243821144,0.09599903970956802,0.07360055297613144,1.9396601915359497,1.7869056463241577,0.7665927410125732,0.44474878907203674
model.layers.27.mlp.up_proj,6144x2048,12582912,0.5009752511978149,0.4998985230922699,0.0,0.0,0.19863733649253845,0.038575660437345505,0.16046297550201416,0.0256512314081192,0.0,0.0,0.0,0.0,0.038221728056669235,0.09878691285848618,0.0812501534819603,1.9214705228805542,1.9045956134796143,0.7714977860450745,0.4448678195476532
model.layers.27.self_attn.k_proj,1024x2048,2097152,0.5010266304016113,0.49983882904052734,0.0,0.0,0.17403259873390198,0.0413823276758194,0.07299992442131042,0.012017106637358665,0.0,0.0,0.0,0.0,0.033457495272159576,0.08669392764568329,0.03699121251702309,1.9298158884048462,1.1975479125976562,0.7699148654937744,0.35648390650749207
model.layers.27.self_attn.o_proj,2048x2048,4194304,0.5002467632293701,0.500098466873169,0.0,0.0,0.17938978970050812,0.03483859449625015,0.11309930682182312,0.028399061411619186,0.0,0.0,0.0,0.0,0.034733060747385025,0.0895150676369667,0.05830514058470726,1.9092353582382202,1.5365012884140015,0.7754327058792114,0.4339989125728607
model.layers.27.self_attn.q_proj,2048x2048,4194304,0.49851202964782715,0.5001764297485352,0.0,0.0,0.17986756563186646,0.05026673525571823,0.06660290062427521,0.014840397983789444,0.0,0.0,0.0,0.0,0.03505999222397804,0.09099175035953522,0.03411811217665672,1.934611201286316,1.0296273231506348,0.7692627310752869,0.4556714594364166
model.layers.27.self_attn.v_proj,1024x2048,2097152,0.49918603897094727,0.49959373474121094,0.0,0.0,0.19731736183166504,0.030555153265595436,0.1486094892024994,0.01455236878246069,0.0,0.0,0.0,0.0,0.03717861324548721,0.09737423062324524,0.07466012984514236,1.9642651081085205,1.7444199323654175,0.7638740539550781,0.49539586901664734
